CASO DE ESTUDIO,ZONA ,DIBUJO DE ZONA,ESCENA,DIBUJO DE ESCENA,Columna 1,TIPO DE ESCENARIO,ELEMENTO,TIPO DE AFECTACIÓN ,TITULO ARTÍCULO ,DESCRIPCIÓN ,KEYWORDS,FUENTE,DIBUJO PARA SITIO WEB,VERSIÓN PNG,PORCENTAJE DE BOTON EN ESCENA
"Provincia de Choapa, Coquimbo, Chile",Puerto Punta Chungo,PUERTO-PRESENTE.jpg,Perturbación aérea,perturbacionaerea.PNG,,Antrópico,Jote de cabeza negra (Coragyps atratus),Afectación biótica,PÉRDIDA DE AVES SILVESTRES (COLISIÓN Y ELECTROCUCIÓN),"En el área de Puerto Punta Chungo, las líneas eléctricas de 220 kV afectan a las aves por riesgo de electrocución y colisión, interrumpiendo sus rutas de vuelo. Una de las especies más afectadas es el jote de cabeza negra (Coragyps atratus), con 67 individuos registrados (8,21 %). Para mitigar el impacto, se instalan dispositivos anticolisión visibles incluso para aves nocturnas.",Aves | Vulnerable / en peligro,"Servicio Evaluación Ambiental, IV Región de Coquimbo. (2024). Estudio de impacto ambiental: Proyecto Extensión de Vida Útil de Minera Los Pelambres, Capítulo 4, p. 796. (N° 202404001109).",JOTE-CABEZA-NEGRA.jpg,JoteDeCabezaNegra.PNG,left: 47.5%; top: 34.5%
"Provincia de Choapa, Coquimbo, Chile",Puerto Punta Chungo,,Perturbación aérea,,,Antrópico,Diuca,Afectación biótica,AVE ABUNDANTE EN ZONA,"Aunque no es una especie directamente impactada según los estudios evaluados, su presencia en zonas intervenidas por infraestructura extractiva como luminarias o tendido eléctrico (que afectan a otras aves),  Esta ave esta registrada en como una de las aves con mayor presencia en la zona.",Aves,"Servicio Evaluación Ambiental, IV Región de Coquimbo. (2024). Estudio de impacto ambiental: Proyecto Extensión de Vida Útil de Minera Los Pelambres, Capítulo 3.15, pp. 285–287. (N° 202404001109).",DIUCA.jpg,Diuca.PNG,left: 74%; top: 28%
"Provincia de Choapa, Coquimbo, Chile",Puerto Punta Chungo,,Perturbación aérea,,,Antrópico,Líneas de transmisión eléctrica,Afectación antrópica,COLISIÓN Y ELECTROCUCIÓN POR INSTALACIÓN,"El tendido eléctrico en Puerto Punta Chungo son estructuras que incluyen líneas de transmisión de 220 kV en doble circuito, esenciales para operar la planta desaladora. Su instalación puede afectar rutas de vuelo de aves marinas como el jote de cabeza negra, generando riesgos de colisión. Además, estos sistemas emiten campos electromagnéticos de baja intensidad, que configuran una presencia constante de infraestructura técnica en zonas ecológicas.",Infraestructura | Aves,"Servicio Evaluación Ambiental, IV Región de Coquimbo. (2024). Estudio de impacto ambiental: Proyecto Extensión de Vida Útil de Minera Los Pelambres, (Capítulo 4.4, pp. 243–245). (N° 202404001109).",ELECTRICIDAD.jpg,LíneasDeTransmisiónEléctrica.PNG,left: 84%; top: 48%
"Provincia de Choapa, Coquimbo, Chile",Puerto Punta Chungo,,Perturbación aérea,,,Antrópico,Bosques de evapotranspiración (Eucalyptus globulus),Afectación antrópica,PLANTACIÓN DE EUCALYPTUS GLOBULUS," En Puerto Punta Chungo, las plantaciones de Eucalyptus globulus cubren 109,13 ha (43,8 % del área de influencia), siendo la vegetación dominante, con un índice de artificialización de 9,4. Su riego por microaspersión en primavera-verano intensifica la evapotranspiración, proceso que transcurre a un lado del puerto.",Flora | Suelo | Agua | Crisis climática,"Servicio Evaluación Ambiental, IV Región de Coquimbo. (2024). Estudio de impacto ambiental: Proyecto Extensión de Vida Útil de Minera Los Pelambres, (Capítulos 3.13 y 4). (N° 202404001109).",BOSQUES.jpg,Eucalipto.PNG,left: 52%; top: 78%
"Provincia de Choapa, Coquimbo, Chile",Puerto Punta Chungo,,Perturbación aérea,,,Antrópico,Jilguero (Sicalis luteola),Afectación biótica,AVE ABUNDANTE EN ZONA,"El jilguero destacó dentro de la zona como una de las especies más abundantes y distribuidas en diversos ambientes. Se encuentra mayormente en matorral costero (6,11 ind/ha), pradera costera (4,81 ind/ha) y plantaciones (2,11 ind/ha).",Aves,"Servicio Evaluación Ambiental, IV Región de Coquimbo. (2024). Estudio de impacto ambiental: Proyecto Extensión de Vida Útil de Minera Los Pelambres, (Capítulo 4.4, pp. 860–861). (N° 202404001109).",JILGUERO.jpg,Jilguero (1).PNG,left: 24.5%; top: 32%
"Provincia de Choapa, Coquimbo, Chile",Puerto Punta Chungo,,Perturbación aérea,,,Antrópico,Luz del puerto,Afectación antrópica,CONTAMINACIÓN LUMÍNICA,"Se reemplazaron 1.912 luminarias distribuidas en varias áreas del proyecto, incluyendo Puerto Punta Chungo. La potencia total instalada en esta zona es de 27,15 kW. La iluminación en el puerto no solo tiene un impacto visual en la escena nocturna, sino que también contribuye a la contaminación lumínica que podría alterar los patrones de comportamiento de fauna de la zona ",Infraestructura | Contaminación,"Servicio Evaluación Ambiental, IV Región de Coquimbo. (2024). Estudio de impacto ambiental: Proyecto Extensión de Vida Útil de Minera Los Pelambres, (Capítulo 3.5: Luminosidad, p. 3–15). (N° 202404001109).",LUCES.jpg,TorresDeIluminación.PNG,left: 36.7%; top: 45%
"Provincia de Choapa, Coquimbo, Chile",Puerto Punta Chungo,,Succión por desalación,succionpordesalacion.jpg,,Antrópico,Buque grúa flotante,Afectación antrópica,ALTERACIÓN DE HÁBITATS CERCANOS POR PRESIÓN SONORA,"Durante su operación —aproximadamente 3,25 horas al día, por un total de un mes— el buque genera emisiones acústicas submarinas que alcanzan un nivel de presión sonora de hasta 170 decibeles a 1 metro de distancia, lo cual es una intensidad elevada dentro del medio acuático.
Estas emisiones pueden afectar el comportamiento de especies sensibles, aunque los efectos fisiológicos directos (como daño auditivo) solo ocurrirían a menos de 9 metros de distancia del buque. En cambio, los efectos sobre el comportamiento —como cambios en el desplazamiento o alimentación— podrían extenderse hasta 315 metros. Este ruido es temporal y se considera de baja duración.",Infraestructura | Agua,"Servicio Evaluación Ambiental, IV Región de Coquimbo. (2024). Estudio de impacto ambiental: Proyecto Extensión de Vida Útil de Minera Los Pelambres, (Capítulo 4, p. 236–239). (N° 202404001109).",BARCO.jpg,Buque grúa flotante.PNG,left: 30%; top: 58%
"Provincia de Choapa, Coquimbo, Chile",Puerto Punta Chungo,,Succión por desalación,,,Antrópico,Sistema de descarga de salmuera,Afectación antrópica,ALTERACIÓN FISICOQUÍMICA DEL AGUA ," Infraestructura diseñada para liberar la salmuera residual del proceso de desalación al mar. Compuesta por una cámara de carga y un emisario submarino con sistema difusor, anclado al fondo con lastres de hormigón. El diseño busca maximizar la dispersión horizontal del efluente para evitar acumulaciones salinas.  Aunque los análisis concluyen que no intersecta áreas AMERB cercanas, genera cambios puntuales en salinidad que podrían alterar temporalmente condiciones ecológicas locales.
","Infraestructura, Agua | Contaminación","Servicio Evaluación Ambiental, IV Región de Coquimbo. (2024). Estudio de impacto ambiental: Proyecto Extensión de Vida Útil de Minera Los Pelambres, (Capítulo 4.4, pp. 854, 855, 857–859, 865–868). (N° 202404001109).",desprendedor.jpg,Sistema de descarga de salmuera.PNG,left: 62%; top: 88%
"Provincia de Choapa, Coquimbo, Chile",Puerto Punta Chungo,,Succión por desalación,,,Antrópico,Sistema de captación de agua de mar,Afectación antrópica,SUCCIÓN DE ZOOPLANCTON E ICTIOPLANCTON,"Infraestructura clave del proceso de desalación. Permite extraer agua desde el mar a baja velocidad (<0,15 m/s), para su posterior desalación. Aunque no succiona agresivamente, afecta a organismos marinos microscópicos que habitan en la columna de agua, especialmente en su capa superficial. La profundidad y el tipo de captación (pasiva) evitan mayores impactos, pero se reconoce la pérdida de organismos que sostienen las redes tróficas marinas. 
",Infraestructura | Agua | Peces | Alimento/Energía,"Servicio Evaluación Ambiental, IV Región de Coquimbo. (2024). Estudio de impacto ambiental: Proyecto Extensión de Vida Útil de Minera Los Pelambres,(Capítulo 4.4, pp. 854, 855, 857–859, 865–868). (N° 202404001109).",captación.jpg,Sistema de captación de agua de mar.PNG,left: 48%; top: 78%
"Provincia de Choapa, Coquimbo, Chile",Puerto Punta Chungo,,Succión por desalación,,,Antrópico,Pluma salina,Afectación física,ALTERACIÓN FISICOQUÍMICA DEL AGUA ,"La pluma salina es una masa de agua hipersalina generada por la descarga del efluente de rechazo de la planta desaladora. Tiene una salinidad de hasta 70 PSU y se dispersa desde una profundidad de 26 m mediante un difusor de 20 portas. En el mes más desfavorable (abril), puede alcanzar una distancia máxima de 45,73 m (0,12 ha) antes de diluirse. No alcanza el fondo marino en la mayoría de los casos, aunque modifica localmente la composición de la columna de agua.",Agua | Contaminación,"Servicio Evaluación Ambiental, IV Región de Coquimbo. (2024). Estudio de impacto ambiental: Proyecto Extensión de Vida Útil de Minera Los Pelambres, (Capítulo 4.4.1, pp. 873–879). (N° 202404001109).",pluma-salina.jpg,PLUMA SALINA.png,left: 52%; top: 93%
"Provincia de Choapa, Coquimbo, Chile",Puerto Punta Chungo,,Succión por desalación,,,Antrópico,Sardina Española ,Afectación biótica,ALTERACIONES  DE DESARROLLO LARVAL,"Durante la etapa de reproducción, los huevos y larvas de sardina flotan en la columna superficial de agua, haciéndolos altamente vulnerables a la captación forzada del sistema de toma de agua de mar para la planta desaladora. Simulaciones indican que esta succión podría afectar hasta un 6,81% de los huevos en el área de mayor impacto.",Peces | Agua | Alimento/Energía,"Servicio Evaluación Ambiental, IV Región de Coquimbo. (2024). Estudio de impacto ambiental: Proyecto Extensión de Vida Útil de Minera Los Pelambres,  (Capítulo 4, pp. 869–882). (N° 202404001109).",sardina.jpg,SardinaEspañola.PNG,left: 24%; top: 80%
"Provincia de Choapa, Coquimbo, Chile",Puerto Punta Chungo,,Succión por desalación,,,Antrópico,Ictioplancton ,Afectación biótica,SUCCIÓN DE HUEVOS Y LARVAS,"Dada su baja movilidad y fragilidad, los huevos son particularmente susceptibles a alteraciones físicas y químicas del medio marino. Adicionalmente, la descarga de salmuera puede alterar el equilibrio osmótico, afectando la supervivencia embrionaria si se superan ciertos umbrales de salinidad (mayores a 5 PSU). Aunque el área afectada proyectada es acotada, se considera la importancia reproductiva de estas especies y su rol en la sostenibilidad poblacional del ecosistema acuático.
",Peces | Agua | Alimento/Energía,"Servicio Evaluación Ambiental, IV Región de Coquimbo. (2024). Estudio de impacto ambiental: Proyecto Extensión de Vida Útil de Minera Los Pelambres,  (Capítulo 4, pp. 869–884). (N° 202404001109).",,,
"Provincia de Choapa, Coquimbo, Chile",Puerto Punta Chungo,,Succión por desalación,,,Antrópico,Gaviota garuma (Larus modestus),Afectación biótica,ALTERACIÓN DEL ECOSISTEMA COSTERO,"La gaviota garuma es una especie nativa del litoral del Pacífico sur, conocida por su dieta variada basada en peces pequeños e invertebrados marinos. En el área de Puerto Punta Chungo ha sido registrada durante campañas de monitoreo ambiental como parte de la avifauna nativa. Su estado de conservación como Vulnerable indica que enfrenta amenazas significativas, y su presencia puede ser indicadora de la salud del ecosistema costero. Es particularmente sensible a los cambios tróficos derivados de alteraciones planctónicas y a la presión humana sobre el borde costero.","Aves | Hábitat | Vulnerable / en peligro
","Servicio Evaluación Ambiental, IV Región de Coquimbo. (2024). Estudio de impacto ambiental: Proyecto Extensión de Vida Útil de Minera Los Pelambres,  (Capítulo 4.4, pp. 861, 864). (N° 202404001109).",gaviota.jpg,GaviotaGaruma.PNG,left: 52%; top: 35%
"Provincia de Choapa, Coquimbo, Chile",Puerto Punta Chungo,,Succión por desalación,,,Antrópico,Plancton costero,Afectación biótica,SUCCIÓN DE MICROORGANISMOS,"El sistema de captación de la planta desaladora, ubicado a 16 m de profundidad, provoca la succión directa de organismos planctónicos —como diatomeas, copépodos y larvas de peces— y altera la composición del fitoplancton y zooplancton superficial. Durante las campañas del EIA (verano, otoño e invierno de 2024) se registró la presencia de Guinardia sp., Detonula pumila, Pseudo-nitzschia sp., y copépodos del género Acartia, junto a larvas de sardina española (Sardinops sagax) y cirripedios (Oithona sp.). La descarga de salmuera aumenta la salinidad y cambia la densidad del agua, afectando la supervivencia de estos organismos y reduciendo la base alimentaria de peces y especies filtradoras del ecosistema costero. ",Agua | Alimento/Energía,"Servicio Evaluación Ambiental, IV Región de Coquimbo. (2024). Estudio de impacto ambiental: Proyecto Extensión de Vida Útil de Minera Los Pelambres, (Capítulo 4, pp. 866–884). (N° 202404001109).",zooplancton-costero.jpg,PlanctonCostero.PNG,left: 41%; top: 89%
"Provincia de Choapa, Coquimbo, Chile",Puerto Punta Chungo,,Vibraciones submarinas,RuidoSubmarino(escenario).jpg,,Biótico ,Pingüino de Humboldt (Spheniscus humboldti),Afectación biótica,PERTURBACIÓN DE SU HÁBITAT,"El pingüino de Humboldt es una especie del ecosistema marino costero chileno, se encuentra en estado vulnerable y es residente de la bahía de Conchalí, fue identificado repetidamente en campañas de monitoreo durante verano, otoño e invierno 2024. El pingüino se alimenta de peces pelágicos pequeños (como la sardina española Sardinops sagax) y depende de hábitats rocosos o islotes para su anidación. Las maniobras portuarias con remolcadores para las naves de embarque de concentrado generan niveles de ruido submarino que afectan aves buceadoras como el pingüino, alterando su comportamiento de alimentación y anidación.

","Aves | Hábitat | Vulnerable / en peligro
","Servicio Evaluación Ambiental, IV Región de Coquimbo. (2024). Estudio de impacto ambiental: Proyecto Extensión de Vida Útil de Minera Los Pelambres, (Capítulo 4, p. 860–861, 865–869.). (N° 202404001109).",pinguino.jpg,PingüinoDeHumboldt.PNG,left: 24%; top: 45%
"Provincia de Choapa, Coquimbo, Chile",Puerto Punta Chungo,,Vibraciones submarinas,,,Biótico ,Yunco (Pelecanoides garnotii),Afectación biótica,AVE BUCEADORA PRESENTE,"El yunco es un ave marina pelágica categorizada en peligro (IUCN 2025) que habita en aguas costeras del Pacífico suroriental. Buceador eficiente y anidador en roqueríos. Aunque su presencia es menos abundante que otras aves, fue identificada en el área de influencia del Proyecto durante las campañas de monitoreo de 2024 del estudio EIA. Se le considera una especie bioindicadora de integridad ecológica, especialmente en zonas con presión antropogénica alta. Como ave buceadora, esta presente en los efectos del ruido generado por remolcadores y faenas operativas del Puerto.
",Aves | Hábitat | Vulnerable / en peligro | Desplazado,"Servicio Evaluación Ambiental, IV Región de Coquimbo. (2024). Estudio de impacto ambiental: Proyecto Extensión de Vida Útil de Minera Los Pelambres,  (Capítulo 4, p. 860–861, 865–869). (N° 202404001109).",yunco.jpg,Yunco.PNG,left: 76%; top: 55%
"Provincia de Choapa, Coquimbo, Chile",Puerto Punta Chungo,,Vibraciones submarinas,,,Biótico ,"Helcogrammoides chilensis, Pez bentónico larval (ictioplancton)",Afectación biótica,LARVAS ABUNDANTES,"Durante el monitoreo marino en campañas 2024, se identificó una alta densidad de larvas de Helcogrammoides chilensis, lo que lo posiciona como una especie relevante dentro del ictioplancton regional. Sus larvas forman parte estructural del plancton costero y su ciclo de vida conecta las comunidades bentónicas y planctónicas, siendo clave en procesos tróficos del ecosistema marino. ""Además, se observó una segunda especie importante en términos de abundancia otorgada por la porción de larvas del Trombollo de tres aletas Helcogrammoides chilensis, el cual es una especie endémica de Chile que se caracteriza por vivir en fondo marino, en sector intermareal a submareal. Además, su alta densidad anual de larvas las asienta como parte fundamental del plancton.""
",Peces | Hábitat | Agua,"Servicio Evaluación Ambiental, IV Región de Coquimbo. (2024). Estudio de impacto ambiental: Proyecto Extensión de Vida Útil de Minera Los Pelambres,  (Capítulo 4, p. 860). (N° 202404001109).",chilensis.jpg,Helcogrammoideschilensis.PNG,left: 71%; top: 97%
"Provincia de Choapa, Coquimbo, Chile",Puerto Punta Chungo,,Vibraciones submarinas,,,Biótico ,Loco (Concholepas concholepas),Afectación biótica,REDUCCIÓN POTENCIAL DE BIOMASA ADULTA ,"El loco (Concholepas concholepas) es un molusco bentónico endémico del Pacífico suroriental, de gran importancia para la pesca artesanal en la Región de Coquimbo. Habita en zonas submareales rocosas y su ciclo de vida depende de larvas planctónicas que forman parte del zooplancton marino. Según la modelación de pérdida de adultos equivalentes (PAE), el Proyecto podría generar una pérdida anual estimada de 0,131 toneladas de loco bajo un escenario desfavorable (otoño 2024), lo que corresponde al 0,81 % de la sumatoria de cuotas anuales asignadas para loco y erizo rojo.

",Agua | Alimento/Energía,"Servicio Evaluación Ambiental, IV Región de Coquimbo. (2024). Estudio de impacto ambiental: Proyecto Extensión de Vida Útil de Minera Los Pelambres,  (Capítulo 4, p. 869, Tabla 4-406; p. 170–171). (N° 202404001109).",loco.jpg,Loco.PNG,left: 20%; top: 76%
"Provincia de Choapa, Coquimbo, Chile",Puerto Punta Chungo,,Vibraciones submarinas,,,Biótico ,Ruido del puerto,Afectación antrópica,ALTERACIÓN DE LOS NIVELES DE VIBRACIONES ,"El ruido submarino generado por las operaciones del puerto proviene principalmente de dos fuentes: el funcionamiento de remolcadores durante la operación portuaria y la instalación de estructuras marinas mediante grúa flotante. Aunque las emisiones se consideran puntuales (315–415 m de alcance acústico) y de corta duración (aprox. 3 h semanales), su impacto acústico se acumula con otras actividades portuarias ya existentes. . Si bien el área donde se espera un efecto fisiológico directo es inferior a 14 m desde la fuente, el ruido representa una alteración no menor sobre la dinámica del ecosistema marino.",Contaminación | Hábitat | Agua | Desplazado,"Servicio Evaluación Ambiental, IV Región de Coquimbo. (2024). Estudio de impacto ambiental: Proyecto Extensión de Vida Útil de Minera Los Pelambres,   (Capítulo 4, p. 243–245). (N° 202404001109).",ruido.jpg,Ruido del Puerto.PNG,left: 45%; top: 28%
"Provincia de Choapa, Coquimbo, Chile",Puerto Punta Chungo,,Vibraciones submarinas,,,Biótico ,Delfín nariz de botella (Tursiops truncatus),Afectación biótica,PERTURBACIÓN DE HÁBITATS,"El delfín nariz de botella (Tursiops truncatus) es una especie de cetáceo de alta movilidad que presenta una población residente en la Región de Coquimbo.  Su presencia ha sido registrada dentro del área de influencia del Proyecto en la Bahía de Conchalí, lo que lo posiciona como un componente relevante del ecosistema marino local. Esta especie puede experimentar cambios conductuales, estrés o desplazamientos desde hábitats relevantes por presión acústica y perturbación.",Hábitat | Contaminación | Agua,"Servicio Evaluación Ambiental, IV Región de Coquimbo. (2024). Estudio de impacto ambiental: Proyecto Extensión de Vida Útil de Minera Los Pelambres,  (Capítulo 4, p. 860–861, 865–869). (N° 202404001109).",delfin.jpg,Delfín nariz de botella.PNG,left: 54%; top: 75%
"Provincia de Choapa, Coquimbo, Chile",Puerto Punta Chungo,,Vibraciones submarinas,,,Biótico ,Erizo rojo,Afectación biótica,REDUCCIÓN POTENCIAL DE BIOMASA ADULTA ,"El erizo rojo (Loxechinus albus) es un equinodermo clave en el ecosistema bentónico costero del norte de Chile, donde cumple funciones ecológicas como herbívoro regulador del tapiz algal. Su ciclo de vida involucra una fase larval planctónica vulnerable a la captación de agua de mar de la planta desaladora del Proyecto. Según la modelación de pérdida de adultos equivalentes (PAE), bajo un escenario desfavorable, el sistema proyectado podría succionar suficientes larvas para generar una pérdida estimada de 0,282 toneladas por año. Este valor, aunque por debajo del umbral internacional del 20%, representa una pérdida directa de biomasa de interés comercial en áreas reguladas como AMERB.
",Agua | Alimento/Energía,"Servicio Evaluación Ambiental, IV Región de Coquimbo. (2024). Estudio de impacto ambiental: Proyecto Extensión de Vida Útil de Minera Los Pelambres,   (Capítulo 4, p. 869, Tabla 4-406; p. 170–171).(N° 202404001109).",erizo.jpg,Erizo Rojo.PNG,left: 32%; top: 93%
"Provincia de Choapa, Coquimbo, Chile",Puerto Punta Chungo,,Vibraciones submarinas,,,Biótico ,Chungungo (Lontra felina),Afectación biótica,PERTURBACIÓN DE HÁBITATS,"El chungungo es una nutria marina endémica de la costa del Pacífico suroriental, con hábitos costeros muy dependientes de ambientes rocosos aislados. En Isla Huevos se le ha observado durante campañas de monitoreo ambiental del verano y otoño 2024. Su comportamiento puede ser alterado por ruidos marinos industriales y modificaciones en el ecosistema costero, especialmente por obras asociadas a la planta desalinizadora. Esta categorizado en peligro (UICN)",Agua | Terrestre | Vulnerable / en peligro,"Servicio Evaluación Ambiental, IV Región de Coquimbo. (2024). Estudio de impacto ambiental: Proyecto Extensión de Vida Útil de Minera Los Pelambres,  (Capítulo 4, p. 860–861, 865–869).(N° 202404001109).",chungungo.jpg,Chungungo.PNG,left: 38%; top: 50%
"Provincia de Choapa, Coquimbo, Chile",Puerto Punta Chungo,,Vibraciones submarinas,,,Biótico ,Anchoveta (Engraulis ringens),Afectación biótica,PÉRDIDA DE LARVAS ,"La anchoveta es una especie de pez pelágico de alta relevancia pesquera y ecológica en las costas chilenas, formando parte clave de las cadenas alimenticias marinas. En el área de influencia, se considera una de las especies afectadas por la captación de agua de mar, especialmente en sus etapas larvales presentes en el ictioplancton. Se utiliza en el modelo de pérdida de adultos equivalentes para estimar el impacto de esta captación.
",Peces | Agua | Alimento/Energía,"Servicio Evaluación Ambiental, IV Región de Coquimbo. (2024). Estudio de impacto ambiental: Proyecto Extensión de Vida Útil de Minera Los Pelambres, (Capítulo 4, p. 869).(N° 202404001109).",anchoveta.jpg,Anchoveta.PNG,left: 74%; top: 74%
"Provincia de Choapa, Coquimbo, Chile",Puerto Punta Chungo,,Vibraciones submarinas,,,Biótico ,Merluza común (Merluccius gayi gayi),Afectación biótica,PÉRDIDA DE LARVAS ,"La merluza común es uno de los peces más relevantes en la pesca comercial nacional. Sus larvas se ven amenazadas por la operación de la planta desaladora debido al arrastre en la captación de agua de mar. A pesar de que la pérdida proyectada representa un porcentaje menor al 1% del desembarque regional, el riesgo acumulativo puede tener implicancias en la sostenibilidad del recurso.",Peces | Agua | Alimento/Energía,"Servicio Evaluación Ambiental, IV Región de Coquimbo. (2024). Estudio de impacto ambiental: Proyecto Extensión de Vida Útil de Minera Los Pelambres, (Capítulo 4, p. 869).(N° 202404001109).",merluza.jpg,Merluza común.PNG,left: 54%; top: 94%
"Provincia de Choapa, Coquimbo, Chile",Puerto Punta Chungo,,Vibraciones submarinas,,,Biótico , Lagarto de Zapallar (Liolaemus zapallarensis),Afectación biótica,ESPECIE PRESENTE EN HÁBITAT,Este pequeño lagarto endémico se encuentra exclusivamente en sectores restringidos del litoral norte de Chile. En Isla Huevos fue registrado como una de las únicas especies endémicas en las campañas de otoño de 2024. ,Agua | Terrestre | Hábitat,"Servicio Evaluación Ambiental, IV Región de Coquimbo. (2024). Estudio de impacto ambiental: Proyecto Extensión de Vida Útil de Minera Los Pelambres, (Capítulo 4, p. 860–861, 865–869).(N° 202404001109).",lagartozapallar.jpg,LagartoZapallar.PNG,left: 64%; top: 55%
"Provincia de Choapa, Coquimbo, Chile",Puerto Punta Chungo,,Santuario de la naturaleza,Santuario(escenario).jpg,,Biótico ,Tagua  (Gallinula melanops),Afectación biótica,ESPECIE HABITANTE EN LAGUNA,"Ave acuática común en humedales como Laguna Conchalí, donde reside o migra durante distintas épocas del año. Se alimenta de vegetación acuática y pequeños invertebrados. Su comportamiento puede alterarse por ruidos elevados o perturbación del entorno. Su estado de conservación esta clasificada como ""preocupación menor"" (IUCN)",Aves | Hábitat,"Servicio Evaluación Ambiental, IV Región de Coquimbo. (2024). Estudio de impacto ambiental: Proyecto Extensión de Vida Útil de Minera Los Pelambres, (Capítulo 4, p. 936).(N° 202404001109).",TAGUA.jpg,Tagua.PNG,left: 28%; top: 45%
"Provincia de Choapa, Coquimbo, Chile",Puerto Punta Chungo,,Santuario de la naturaleza,,,Biótico , Pato jergón chico (Anas flavirostris),Afectación biótica,ESPECIE HABITANTE EN LAGUNA,"Presente durante todo el año, este pato de tamaño mediano se alimenta de pequeños invertebrados e insectos acuáticos. Utiliza la vegetación para refugiarse y criar, podría verse afectado si hay ruidos o alteraciones en la zona. Es mencionado como una de las especies presentes en la laguna.",Aves | Hábitat,"Servicio Evaluación Ambiental, IV Región de Coquimbo. (2024). Estudio de impacto ambiental: Proyecto Extensión de Vida Útil de Minera Los Pelambres,  (Capítulo 4.4, pp. 933–945). (N° 202404001109).",PATOJERGON.jpg,Pato jergón chico.PNG,left: 61%; top: 38%
"Provincia de Choapa, Coquimbo, Chile",Puerto Punta Chungo,,Santuario de la naturaleza,,,Biótico , Pato cuchara (Anas platalea),Afectación biótica,ESPECIE HABITANTE EN LAGUNA,"Esta ave filtradora utiliza su característico pico aplanado para alimentarse de pequeños organismos en suspensión. Se registra en Laguna Conchalí durante sus ciclos migratorios. Las actividades humanas cercanas, como tránsito de maquinaria o ruidos prolongados, pueden interrumpir sus períodos de descanso y alimentación, reduciendo el tiempo que permanece en el sitio.",Aves | Hábitat,"Servicio Evaluación Ambiental, IV Región de Coquimbo. (2024). Estudio de impacto ambiental: Proyecto Extensión de Vida Útil de Minera Los Pelambres,  (Capítulo 4.4, pp. 933–945). (N° 202404001109).",PATOCUCHARA.jpg,Pato cuchara.PNG,left: 68%; top: 35%
"Provincia de Choapa, Coquimbo, Chile",Puerto Punta Chungo,,Santuario de la naturaleza,,,Biótico ,Cuervo de pantano (Plegadis chihi),Afectación biótica,ESPECIE HABITANTE EN LAGUNA,"Esta ave de plumaje oscuro con reflejos metálicos, busca alimento en aguas usando su pico largo y curvado. Es especialmente activa al amanecer y al atardecer. Su aumento en el ruido, la iluminación o presencia humana puede modificar su conducta y disminuir su estadía en el lugar.",Aves | Hábitat,"Servicio Evaluación Ambiental, IV Región de Coquimbo. (2024). Estudio de impacto ambiental: Proyecto Extensión de Vida Útil de Minera Los Pelambres,  (Capítulo 4.4, pp. 933–945). (N° 202404001109).",CUERVODELPANTANO.jpg,CuervoDePantano.PNG,left: 36.5%; top: 38%
"Provincia de Choapa, Coquimbo, Chile",Puerto Punta Chungo,,Santuario de la naturaleza,,,Biótico ,Cisne coscoroba (Coscoroba coscoroba),Afectación biótica,ESPECIE HABITANTE EN LAGUNA,"De gran tamaño y plumaje blanco, el cisne coscoroba es visitante ocasional de Laguna Conchalí. Prefiere cuerpos de agua tranquilos, con poca presencia humana. Las actividades cercanas al borde del santuario pueden generar su desplazamiento, especialmente durante fases de construcción.",Aves | Hábitat | Vulnerable / en peligro,"Servicio Evaluación Ambiental, IV Región de Coquimbo. (2024). Estudio de impacto ambiental: Proyecto Extensión de Vida Útil de Minera Los Pelambres,  (Capítulo 4.4, pp. 933–945). (N° 202404001109).",CISNE.jpg,Cisne coscoroba.PNG,left: 44%; top: 48%
"Provincia de Choapa, Coquimbo, Chile",Puerto Punta Chungo,,Santuario de la naturaleza,,,Biótico ,Chagual chico  (Puya venusta Phil.),Afectación biótica,FLORA VULNERABLE EN LAGUNA,"Planta endémica de la Región de Coquimbo,. Sus colonias pueden alcanzar hasta 1,8 m de altura en floración, destacando la inflorescencia de tallo rosado intenso y brácteas vistosas. Las flores tubulares, de un azul-violáceo oscuro, contrastan con el tallo, mientras que el fruto es una cápsula trilobada con semillas aladas. Es una especie suculenta perenne, ornamental, pero actualmente clasificada como Vulnerable por su restringida distribución costera cercana al mar .",Flora | Suelo | Hábitat | Vulnerable / en peligro,Flora y Fauna en Laguna Conchalí – Flora (pp. 102).,PUYA.jpg,PuyaVenusta.PNG,left: 35%; top: 78%
"Provincia de Choapa, Coquimbo, Chile",Puerto Punta Chungo,,Santuario de la naturaleza,,,Biótico ,"Quintral del quisco, fosforito. (Tristerix aphyllus (DC.) Barlow & Weins",Afectación biótica,FLORA HABITANTE EN LAGUNA,"Hierba parásita endémica, reconocible por su crecimiento directamente sobre cactus como Echinopsis chiloensis, incluso penetrando en su sistema vascular. Carece de hojas, posee tallos glabros verde-rojizos y alcanza entre 5 y 20 cm de altura. Produce inflorescencias en panojas con flores hermafroditas muy rojas, tubulares, formadas por un perigonio de cuatro tépalos lineales de 3–5 cm de largo. El fruto es una baya carnosa de color rojo que amarillea al madurar. Su vida parásita altera directamente a su hospedero, pero se mantiene catalogada Fuera de Peligro .",Flora,Flora y Fauna en Laguna Conchalí – Flora (pp. 128).,CACTUS.jpg,Quintral del quisco.png,left: 49%; top: 75%
"Provincia de Choapa, Coquimbo, Chile",Puerto Punta Chungo,,Santuario de la naturaleza,,,Biótico ,"Vegetación halófila ribereña (Junco, Totora, Cepillito)",Afectación física,PÉRDIDA DE FLORA POR  CAMBIOS EN PRECIPITACIONES,"El Santuario de la Naturaleza Laguna Conchalí, humedal protegido y Sitio Ramsar, depende de los aportes del Estero Conchalí y de las mareas altas para sostener su vegetación ribereña. Se proyecta en este sitio proyegido una reducción en la flora conservada en la zona debido a variaciones en las precipitaciones , siendo un factor relacionado directamente al cambio climático.",Flora | Agua | Hábitat | Crisis climática,"Servicio Evaluación Ambiental, IV Región de Coquimbo. (2024). Estudio de impacto ambiental: Proyecto Extensión de Vida Útil de Minera Los Pelambres, (Capítulo 3.23, pp. 31–32; Capítulo 4, p. 944).(N° 202404001109).",VEGETACION-HALOFILA.jpg,Vegetación halófila ribereña.PNG,left: 15%; top: 87%
"Provincia de Choapa, Coquimbo, Chile",Puerto Punta Chungo,,Santuario de la naturaleza,,,Biótico ,Mar ,Afectación física,ANEGAMIENTO DE ASENTAMIENTOS COSTEROS,"Se proyecta riesgo ALTO de anegamiento por aumento del nivel del mar y mayor energía de marejadas, por lo que crecidas e inundaciones pueden alterar la dinámica hídrica, bordes de uso y la integridad del hábitat de la laguna.",Agua | Comunidades | Crisis climática,"Servicio Evaluación Ambiental, IV Región de Coquimbo. (2024). Estudio de impacto ambiental: Proyecto Extensión de Vida Útil de Minera Los Pelambres, (Capítulo 3.23, pp. 31–32; Capítulo 4, p. 944).(N° 202404001109).",,,
"Provincia de Choapa, Coquimbo, Chile",Puerto Punta Chungo,,Santuario de la naturaleza,,,Biótico ,MPS (material particulado sedimentable),Afectación antrópica,EMISIONES Y SEDIMENTACIÓN EN HUMEDAL,"El Santuario de la Naturaleza Laguna Conchalí se encuentra expuesto a la emisión y depositación de material particulado sedimentable (MPS) generado por las faenas en Puerto Punta Chungo. Aunque las modelaciones muestran valores bajo el umbral normativo de 333 mg/m²/día, en la estación de la laguna se registró un máximo de 154,6 mg/m²/día, cifra que evidencia una presión real sobre el ecosistema. La acumulación de partículas en el humedal implica riesgo de alteración de suelos, vegetación ribereña y hábitats acuáticos, por lo que la afectación se reconoce como negativa y requiere seguimiento estricto.",Contaminación | Suelo,"Servicio Evaluación Ambiental, IV Región de Coquimbo. (2024). Estudio de impacto ambiental: Proyecto Extensión de Vida Útil de Minera Los Pelambres, (Capítulo 3.23, pp. 23–24; Capítulo 4, pp. 940–943).(N° 202404001109).",MPS.jpg,MPS.png,left: 65%; top: 21%
"Provincia de Choapa, Coquimbo, Chile",Tranque el Mauro,,Pérdida patrimonio arqueológico,,,Antrópico,Petróglifos,Afectación antrópica,  PÉRDIDA DE LA POSIBILIDAD FUTURA DE DESCIFRAR SU CONTENIDO,"Los petroglifos son una expresión del arte rupestre cuya técnica es el grabado en piedra. En el valle de Pupío, el arte rupestre fue desarrollado por la cultura Diaguita y molle, actualmente su patrimonio se encuentra amenazado por la posible remoción e inundación de cientos de sitios arqueológicos presentes en El Mauro. Estos lugares, protegidos como Monumentos Nacionales desde 1970, resguardan grabados cuyo significado aún no ha sido plenamente descifrado, con formas zoomorfas, antropomorfas, no figurativas y máscaras que permitían orientarse en el territorio. Para permitir su adecuada interpretación arqueológica, resulta fundamental que dichos sitios permanezcan inalterados.","Terrestres | Comunidades | Desplazado
","Bustamante Díaz, P. (2014). Caso: Tranque de relaves El Mauro. Punto de inflexión en la arqueología chilena [Manuscrito inédito].",,,
"Provincia de Choapa, Coquimbo, Chile",Tranque el Mauro,,Pérdida patrimonio arqueológico,,,Antrópico,Sitio arqueológico,Afectación antrópica,PÉRDIDA DEL VALOR COMO SITIO SAGRADO,"Se considera un sitio arqueológico cuando existen evidencias culturales conformadas por más de 25 elementos distribuidos en un diámetro aproximado de 20 metros. Para el estudio de impacto ambiental del proyecto EVU, en El Mauro se han identificado 22 sitios arqueológicos que contienen más de 100 bloques de arte rupestre. Su valor intrínseco como lugar sagrado o ceremonial corre riesgo de pérdida cuando estos sitios son intervenidos, removidos, inundados o modificados, comprometiendo su integridad contextual y su vínculo con prácticas ancestrales y cosmovisiones vivas.",Comunidades | Hábitat,"Servicio Evaluación Ambiental, IV Región de Coquimbo. (2024). Estudio de impacto ambiental: Proyecto Extensión de Vida Útil de Minera Los Pelambres.(N° 202404001109).",,,
"Provincia de Choapa, Coquimbo, Chile",Tranque el Mauro,,Pérdida patrimonio arqueológico,,,Antrópico, Parque rupestre Monte Aranda,Afectación antrópica,PÉRDIDA DE RELACIÓN DE LAS OBRAS CON SU ENTORNO,"El Parque Rupestre Monte Aranda exhibe desde el 2016 cerca de 250 petroglifos de la cultura Diaguita, extraídos entre los años 2005 y 2006 del área donde se instaló el tranque de relaves El Mauro y reubicados como medida compensatoria. Este procedimiento generó cuestionamientos en los ámbitos científico y patrimonial, el antropólogo y arqueólogo Horacio Larraín Barros (State University – NY) señaló que los petroglifos no deben considerarse bloques aislados, sino como verdaderos santuarios conformados por conjuntos integrales. Su remoción no solo implicó el traslado físico de las piezas arqueológicas, sino también la pérdida de su contexto relacional, incluyendo la conexión con el paisaje, los senderos, su significado ritual y posibles prácticas funerarias asociadas.",Comunidades | Hábitat  | Desplazado,"Pérez Valdivia, E. (2014, 2 de mayo). El caso del bosque y de los petroglifos de El Mauro. Le Monde Diplomatique. https://www.lemondediplomatique.cl/el-caso-del-bosque-y-de-los-petroglifos-de-el-mauro-por-eduardo-perez-valdivia.html",,,
"Provincia de Choapa, Coquimbo, Chile",Tranque el Mauro,,Comunidad y habitabilidad,,,Antrópico,Población flotante,Afectación antrópica,AUMENTO DE LA COMUNIDAD POR POBLACIÓN FLOTANTE,"La presencia de población flotante en Caimanes está asociada a la ejecución de obras en el Tranque El Mauro. Esta población ha sido percibida históricamente como un factor de conflicto por parte de la comunidad.  Se vincula con un aumento en la demanda de alojamiento, servicios sanitarios y transporte, además de la necesidad de mayor supervisión sobre los trabajadores externos. Si bien parte de esta población se aloja en campamentos regulados, también se registra interacción directa con el entorno local.",Comunidades | Infraestructura  | Desplazado,"Instituto Nacional de Estadísticas (2019). CIUDADES, PUEBLOS,  ALDEAS Y CASERÍOS 2019. INE. Servicio Evaluación Ambiental, IV Región de Coquimbo. (2024). Estudio de impacto ambiental: Proyecto Extensión de Vida Útil de Minera Los Pelambres. Capítulo 4, pp. 1066-1076. (N° 202404001109). ",,,
"Provincia de Choapa, Coquimbo, Chile",Tranque el Mauro,,Comunidad y habitabilidad,,,Antrópico,Sistema de agua potable rural,Afectación antrópica, DIFICULTADES EN ACCESO AL AGUA,"El Sistema de Agua Potable Rural de Caimanes abastece actualmente a 380 arranques domiciliarios, con proyección de ampliar 100 más hacia la localidad de Pupío.  El sistema enfrenta alta vulnerabilidad hídrica, agravada por la pérdida del 20 % del recurso disponible proyectada por la Dirección de Obras Hidráulicas. El aumento de población flotante (66–405 personas) y los efectos del cambio climático podrían complicar su estabilidad futura. Se advierte un riesgo muy alto de inseguridad hídrica doméstica, especialmente bajo escenarios de sequía prolongada y presión sobre las fuentes locales",Agua | Comunidades | Infraestructura | Contaminación,"Servicio Evaluación Ambiental, IV Región de Coquimbo. (2024). Estudio de impacto ambiental: Proyecto Extensión de Vida Útil de Minera Los Pelambres. Capítulo 4, pp. 1066-1076. (N° 202404001109). ",,,
"Provincia de Choapa, Coquimbo, Chile",Tranque el Mauro,,Comunidad y habitabilidad,,,Antrópico,Ruta D-865,Afectación antrópica,ALTERACIÓN EN TIEMPOS DE DESPLAZAMIENTO,"La Ruta D-865 es utilizada por trabajadores del proyecto, vecinos y estudiantes, es una vía compartida donde los vehículos pesados reducen la seguridad y aumentan la presión sobre la infraestructura. Es eje estructural del conflicto vial entre uso extractivo y uso comunitario. Existen mibuses utilizado por residentes de Caimanes para acceder a trámites, salud, pensiones y servicios en Illapel o Los Vilos. Su circulación ocurre  3 veces por semana, lo que limita el acceso regular a servicios. La operación del proyecto incrementará el tránsito de camiones en la Ruta D-865, generando demoras y posibles conflictos en el uso compartido de la vía.",nfraestructura | Comunidades,"Servicio Evaluación Ambiental, IV Región de Coquimbo. (2024). Estudio de impacto ambiental: Proyecto Extensión de Vida Útil de Minera Los Pelambres. Capítulo 4, pp. 1050-1062. (N° 202404001109).",,,
"Provincia de Choapa, Coquimbo, Chile",Tranque el Mauro,,Comunidad y habitabilidad,,,Antrópico,"Emisión de material particulado y gases (MP-10, MP-2.5, NO2, SO2, CO)",Afectación antrópica,RIESGOS PARA LA SALUD DE LA POBLACIÓN ,"Las emisiones de polvo y gases generadas por el transporte, la molienda y las tronaduras mineras constituyen una fuente crítica de contaminación en el entorno del Tranque El Mauro y la comunidad de Caimanes. El material particulado fino (MP-10 y MP-2.5), con presencia de metales pesados como hierro, manganeso, cobre y níquel, afecta el sistema respiratorio y favorece enfermedades crónicas. Los gases asociados (NO₂, SO₂ y CO) provocan daños cardiovasculares y neurológicos, especialmente en niños y adultos mayores. Su concentración supera los límites recomendados por la OMS, aumentando el riesgo de cáncer pulmonar y otras afecciones sistémicas.",Contaminación | Comunidades | Suelo,"Tchernitchin, A. N. & Muñoz, G. (2012). Efectos sobre la salud y el medio ambiente de las actividades mineras en Chile: contaminación del estero Pupío y agua potable del pueblo de Caimanes: ¿se origina desde el tranque de relaves mineros El Mauro? Cuadernos Médico Sociales, 52(4), pp. 199–214.",,,
"Provincia de Choapa, Coquimbo, Chile",Tranque el Mauro,,Comunidad y habitabilidad,,,Antrópico,Tensión en la comunidad,Afectación antrópica,FRACTURA SOCIAL FRENTE AL CONFLICTO,"La llegada de trabajadores externos y la ejecución de nuevas obras han agudizado tensiones internas entre vecinos. Algunos aceptan los beneficios del proyecto, mientras otros mantienen posturas críticas. Esta división ha sido reconocida como una afectación relevante, al alterar la convivencia y cohesión social.",Comunidades | Desplazado,"Servicio Evaluación Ambiental, IV Región de Coquimbo. (2024). Estudio de impacto ambiental: Proyecto Extensión de Vida Útil de Minera Los Pelambres. Capítulo 4, pp. 1067. (N° 202404001109).",,,
"Provincia de Choapa, Coquimbo, Chile",Tranque el Mauro,,Comunidad y habitabilidad,,,Antrópico,Estructura del tranque,Afectación física,RIESGO DE DERRAME NO POGRAMADO,"El Tranque de Relaves El Mauro, ubicado aguas arriba del valle del Pupío, representa un riesgo potencial de derrame debido a la magnitud de su estructura y a la acumulación de material saturado de agua y metales pesados. El estudio advierte que, ante un evento sísmico o climático extremo, podría producirse la licuefacción del relave y el colapso del muro de contención, liberando lodos tóxicos hacia la cuenca del estero Pupío. Se estima que los habitantes de Caimanes dispondrían de menos de 10 minutos para evacuar, sin contar con sistemas de alerta temprana. Este riesgo persiste incluso después del cierre del tranque, debido a la falta de impermeabilización profunda y la presión de las napas subterráneas.",Infraestructura | Agua | Contaminación,"Tchernitchin, A. N. & Muñoz, G. (2012). Efectos sobre la salud y el medio ambiente de las actividades mineras en Chile: contaminación del estero Pupío y agua potable del pueblo de Caimanes: ¿se origina desde el tranque de relaves mineros El Mauro? Cuadernos Médico Sociales, 52(4), pp. 199–214.",,,
"Provincia de Choapa, Coquimbo, Chile",Tranque el Mauro,,Comunidad y habitabilidad,,,Antrópico,Nogal,Afectación biótica,DISMINUCIÓN DEL SUELO ARABLE,"La infiltración de metales pesados provenientes del tranque de relaves El Mauro —como mercurio, manganeso, hierro, níquel y molibdeno— contamina las napas y cuerpos de agua utilizados para el riego agrícola. Esta contaminación disminuye la fertilidad del suelo y provoca la pérdida de productividad de los terrenos, afectando la capacidad de la comunidad para mantener cultivos tradicionales como paltos, nogales, árboles frutales, legumbres y cereales, afectando la capacidad de uso futuro de estos suelos.",Flora | Suelo | Hábitat,Contreras et al. (2021). Historia de Caimanes. Patrimonio e identidad. ISBN: 978-956-09558-0-7,,,
"Provincia de Choapa, Coquimbo, Chile",Tranque el Mauro,,Comunidad y habitabilidad,,,Antrópico,"Sedimento (MPS, SO2)",Afectación fisica,CONTAMINACIÓN ATMOSFÉRICA,"El movimiento de tierra, el tránsito de vehículos y la combustión de maquinaria generan un aumento en la tasa de material particulado sedimentable (MPS), mientras que los gases emitidos por motores de vehículos, maquinaria y generadores incrementan las concentraciones ambientales de dióxido de azufre (SO₂). Estos contaminantes producen efectos adversos sobre las plantaciones agrícolas, al provocar deposición de polvo y compuestos tóxicos sobre hojas, bloqueo de estomas y acidificación del suelo, reduciendo la capacidad fotosintética, la fertilidad y el rendimiento de los cultivos.",Contaminación | Suelo,"Servicio Evaluación Ambiental, IV Región de Coquimbo. (2024). Estudio de impacto ambiental: Proyecto Extensión de Vida Útil de Minera Los Pelambres.(N° 202404001109).",,,
"Provincia de Choapa, Coquimbo, Chile",Tranque el Mauro,,Comunidad y habitabilidad,,,Antrópico,Cabras y Vacas ,Afectación antrópica,IMPOSIBILIDAD DE SOSTENER PRÁCTICAS GANADERAS,"La contaminación de los cuerpos de agua por metales pesados provenientes del tranque de relaves El Mauro impide el desarrollo de la ganadería tradicional, enfocada en la crianza de vacas, ovejas, cerdos, caballos, aves y cabras. Esta situación impide que los animales beban o se alimenten de manera segura, reduciendo su productividad y comprometiendo la continuidad de prácticas culturales y económicas tradicionales, que incluyen la producción de quesos, miel y carne para consumo familiar o venta directa.",Comunidades | Agua | Alimento/Energía | Desplazado,Contreras et al. (2021). Historia de Caimanes. Patrimonio e identidad. ISBN: 978-956-09558-0-7,,,
"Provincia de Choapa, Coquimbo, Chile",Tranque el Mauro,,Degradación del Ecosistema ,,,Biótico ,Palma Chilena (Jubaea chilensis),Afectación biótica,"DEGRADACIÓN Y PÉRDIDA DE BOSQUES NATIVOS SINGULARES
","La palma chilena (Jubaea chilensis), especie endémica y parte del bosque esclerófilo del centro de Chile, representa la pérdida más significativa dentro de los Bosques Nativos Singulares (BNP) afectados por las obras del proyecto. Clasificada En Peligro (EN), su población natural se concentra en la Quebrada Culimo, donde aún se mantiene una parte reducida del bosque nativo con alta humedad y sombra. Estos sectores, que albergan especies protegidas, enfrentan pérdida y alteración del hábitat por las obras de infraestructura y movimientos de tierra. La palma destaca por su lento crecimiento y escasa dispersión natural, lo que agrava su vulnerabilidad. Los cambios en la humedad del suelo comprometen su regeneración, evidenciando la degradación de un ecosistema de alto valor.",Flora | Hábitat | Vulnerable / en peligro,"Servicio Evaluación Ambiental, IV Región de Coquimbo. (2024). Estudio de impacto ambiental: Proyecto Extensión de Vida Útil de Minera Los Pelambres. Capítulo 4, pp 939–947. (N° 202404001109).",,,
"Provincia de Choapa, Coquimbo, Chile",Tranque el Mauro,,Degradación del Ecosistema ,,,Biótico ,Cururo (Spalacopus cyanus),Afectación biótica,PÉRDIDA DE CURUROS,"El cururo es un micromamífero endémico y fosorial de Chile, que habita en colonias subterráneas con túneles de hasta 600 m de longitud. En el área del Tranque El Mauro y el trazado hacia Puerto Punta Chungo se registraron más de 250 colonias, de las cuales varias coinciden con zonas de obras. Las actividades de construcción y operación, como movimientos de tierra, caminos y botaderos, implican pérdida irreversible de ejemplares y alteración de hábitats. Esta afectación es significativa ante las labores de construcción como lo es la excavación, tránsito de maquinarias y compactación de suelos.",Terrestres | Vulnerable / en peligro,"Servicio Evaluación Ambiental, IV Región de Coquimbo. (2024). Estudio de impacto ambiental: Proyecto Extensión de Vida Útil de Minera Los Pelambres. Capítulo 4, pp 753-765. (N° 202404001109).",,,
"Provincia de Choapa, Coquimbo, Chile",Tranque el Mauro,,Degradación del Ecosistema ,,,Biótico ,Peumo (Cryptocarya alba),Afectación biótica,"DEGRADACIÓN Y PÉRDIDA DE BOSQUE HIDRÓFILO
","El peumo es un árbol nativo y uno de los componentes principales del bosque hidrófilo de quebradas en el entorno del Tranque El Mauro. Este tipo de bosque depende del agua del suelo y de la sombra que mantiene la humedad del lugar. Se verán afectadas 3,63 hectáreas de este ecosistema, dominado por peumo (Cryptocarya alba) y chequén (Luma chequen). Las obras del sistema provocan pérdida de ejemplares, compactación del suelo y disminución de la humedad, lo que impide su regeneración natural. Estos cambios ponen en riesgo la continuidad del ecosistema de la zona cerca al Tranque el Mauro.",Flora | Hábitat | Suelo,"Servicio Evaluación Ambiental, IV Región de Coquimbo. (2024). Estudio de impacto ambiental: Proyecto Extensión de Vida Útil de Minera Los Pelambres. Capítulo 4, pp 514-516. (N° 202404001109).",,,
"Provincia de Choapa, Coquimbo, Chile",Tranque el Mauro,,Degradación del Ecosistema ,,,Biótico ,Guayacán (Porlieria chilensis),Afectación biótica,DEGRADACIÓN Y PÉRDIDA DE FORMACIONES XEROFÍTICAS SINGULARES (FXS),"El guayacán (Porlieria chilensis), especie endémica de Chile, forma parte de las especies dominantes de las Formaciones Xerofíticas Singulares (FXS) del sector del Mauro. Estas comunidades vegetales, compuestas por matorrales suculentos y cactáceas como Echinopsis chiloensis (quisco), Puya venusta (chagual chico) y Carica chilensis (chirimoyo silvestre), se desarrollan en laderas áridas con suelos pedregosos y alta exposición solar. Se estima una pérdida total de 72,24 hectáreas de FXS, producto de la remoción de vegetación, construcción de caminos y botaderos. El guayacán, clasificado como Vulnerable (VU), enfrenta la pérdida de su hábitat y la disminución de su regeneración natural por compactación del suelo y deposición de polvo, evidenciando la degradación progresiva del ecosistema del valle interior del Choapa.",Flora | Suelo | Hábitat,"Servicio Evaluación Ambiental, IV Región de Coquimbo. (2024). Estudio de impacto ambiental: Proyecto Extensión de Vida Útil de Minera Los Pelambres. Capítulo 4, pp. 514–523. (N° 202404001109).",,,
"Provincia de Choapa, Coquimbo, Chile",Tranque el Mauro,,Degradación del Ecosistema ,,,Biótico ,Sapo de atacama (Rhinella atacamensis),Afectación biótica,PÉRDIDA DE ANFIBIOS POR CONSTRUCCIÓN Y OPERACIÓN,"Especie endémica del norte y centro de Chile, clasificada como Vulnerable (VU). Se registró junto al sapo de cuatro ojos (Pleurodema thaul) en quebradas interiores del Mauro, donde dependen de cursos de agua temporales y suelos húmedos. Se indica afectación directa por alteración de cauces, pérdida de pozas de operación y tránsito de maquinaria. Los registros provienen de zonas de vega y bosque mixto, donde se estiman varios individuos comprometidos durante movimiento de tierra y modificación hídrica. Esta especie es indicadora del equilibrio hidrológico local; su declive significa pérdida de humedad y aumento de sedimentos en los cauces.",Terrestres | Agua,"Servicio Evaluación Ambiental, IV Región de Coquimbo. (2024). Estudio de impacto ambiental: Proyecto Extensión de Vida Útil de Minera Los Pelambres. Capítulo 4, pp. 686–688. (N° 202404001109).",,,
"Provincia de Choapa, Coquimbo, Chile",Tranque el Mauro,,Degradación del Ecosistema ,,,Biótico ,Ratón orejudo de Darwin (Phyllotis darwin),Afectación biótica,PÉRDIDA DE MICROMAMÍFEROS EN FAUNA SILVESTRE,"El ratón orejudo de Darwin fue registrado junto a otras especies nativas como Abrothrix olivaceus, Octodon degus y Phyllotis xanthopygus. Todas comparten hábitos de madriguera y refugio en matorrales subandinos, con alta sensibilidad a la compactación y remoción de suelos. Se proyectan 95 individuos potencialmente afectados durante la fase de construcción cerca del Tranque el Mauro por pérdida de hábitat. Las obras de la planta DAR y caminos de acceso coinciden con los sectores de mayor densidad de micromamíferos (hasta 18,22 ind/ha en matorral subandino). Estas especies representan la base alimenticia de aves rapaces como el águila o también del zorro culpeo, cumpliendo un rol trófico esencial.",Terrestres | Suelo | Desplazado,"Servicio Evaluación Ambiental, IV Región de Coquimbo. (2024). Estudio de impacto ambiental: Proyecto Extensión de Vida Útil de Minera Los Pelambres. Capítulo 4, pp. 701–704. (N° 202404001109).",,,
"Provincia de Choapa, Coquimbo, Chile",Tranque el Mauro,,Degradación del Ecosistema ,,,Biótico ,Iguana Chilena (Callopistes maculatus),Afectación biótica,PÉRDIDA DE REPTILES  POR CONSTRUCCIÓN Y OPERACIÓN,"Endémica de Chile central, clasificada como Casi Amenazada (NT). Comparte hábitat con lagartijas del género Liolaemus, como la lagartija de Fitzgerald (Liolaemus fitzgeraldi), la lagartija nítida (L. nitidus) y L. maldonadae, entre otras. Habita en matorrales subandinos y zonas pedregosas expuestas. En el área del Mauro se registró directamente en sectores intervenidos por la planta DAR, caminos de acceso y bodegas de reactivos. Se detalla su presencia junto a 10 especies de reptiles endémicos, la mayoría afectadas por la pérdida de refugios y compactación de suelos. Se calcula un total de 34 individuos de reptiles impactados en esta zona.",Terrestres | Hábitat | Vulnerable / en peligro,"Servicio Evaluación Ambiental, IV Región de Coquimbo. (2024). Estudio de impacto ambiental: Proyecto Extensión de Vida Útil de Minera Los Pelambres. Capítulo 4, pp. 703–704. (N° 202404001109).",,,
"Provincia de Choapa, Coquimbo, Chile",Tranque el Mauro,,Degradación del Ecosistema ,,,Biótico ,Águila (Geranoaetus melanoleucus,Afectación biótica,PÉRDIDA DE AVES (COLISIÓN Y ELECTROCUCIÓN),"El águila chilena (Geranoaetus melanoleucus) es una rapaz de gran envergadura que habita los matorrales interiores y quebradas rocosas del valle del Mauro, donde caza pequeños roedores y reptiles como el ratón orejudo de Darwin (Phyllotis darwini), el ratón oliváceo (Abrothrix olivaceus) y la iguana chilena (Callopistes maculatus). Durante el EIA, fue una de las aves más observadas, junto al cóndor andino (Vultur gryphus), el peuco (Parabuteo unicinctus) y el cernícalo americano (Falco sparverius). La instalación de líneas de transmisión y torres eléctricas implica riesgos de colisión y electrocución, especialmente durante vuelos bajos sobre zonas abiertas. A ello se suma la disminución de presas naturales por pérdida de suelo y ruido de maquinaria, lo que altera sus patrones de caza y desplazamiento. Su disminución podría provocar un desequilibrio de la cadena trófica local.",Aves,"Servicio Evaluación Ambiental, IV Región de Coquimbo. (2024). Estudio de impacto ambiental: Proyecto Extensión de Vida Útil de Minera Los Pelambres. Capítulo 4, pp. 683–689. (N° 202404001109).",,,
"Provincia de Choapa, Coquimbo, Chile",Yacimiento minero ,,Ríos y Derretimiento glaciar,,,Físico ,Glaciar Rocoso,Afectación física,TRONADURAS POR VIBRACIONES Y DERRETIMIENTO ,"Los glaciares rocosos son cuerpos de hielo cubiertos por detritos que se distribuyen en sectores como Hualtatas, QNW, Este y Sureste. El inventario registra 13 en el área de influencia, con dimensiones variables (desde 0,015 hasta 0,325 km²). El más vulnerable es el CL104704014@, ubicado a solo 75 m del rajo proyectado. Estos glaciares no serán intervenidos directamente, pero su cercanía a excavaciones y tronaduras los expone a aceleraciones de procesos de degradación lenta y potencial inestabilidad.",Agua | Suelo | Crisis climática | Contaminación,"Servicio Evaluación Ambiental, IV Región de Coquimbo. (2024). Estudio de impacto ambiental: Proyecto Extensión de Vida Útil de Minera Los Pelambres, Capítulo 4, ppp. 479–490. (N° 202404001109).",,,
"Provincia de Choapa, Coquimbo, Chile",Yacimiento minero ,,Ríos y Derretimiento glaciar,,,Físico ,Escorrentía,Afectación física,APORTE HÍDRICO NO SUFICIENTE,"Pequeños flujos de agua que se generan por la fusión del hielo interno de los glaciares rocosos.  La escorrentía superficial es  observada al pie de un glaciar rocoso. La mayoría de lo que fluye no proviene directamente del glaciar, sino de otras fuentes como deshielo nival o aguas subterráneas. El aporte de los glaciares rocosos a una cuenca es insignificante (<0,1% de la escorrentía anual), incluso con escenarios de degradación. La escorrentía es entonces un elemento no muy presente, estos sin hilos disminuidos de agua.
",Agua | Suelo | Crisis climática,"Servicio Evaluación Ambiental, IV Región de Coquimbo. (2024). Estudio de impacto ambiental: Proyecto Extensión de Vida Útil de Minera Los Pelambres, Capítulo 4, ppp. 479–490. (N° 202404001109).",,,
"Provincia de Choapa, Coquimbo, Chile",Yacimiento minero ,,Ríos y Derretimiento glaciar,,,Físico ,Permafrost,Afectación física,DERRETIMIENTO PROGRESIVO,"Hielo subterráneo que se ha mantenido congelado por siglos. En la zona del Choapa, se encuentra en estado frágil, con temperaturas cercanas a 0°C, lo que indica una degradación progresiva, su pérdida es lenta, pero constante, tanto por la acción del cambio climático como por las vibraciones de faenas cercanas. Este proceso no es exclusivo de Chile: en los Alpes europeos, el monitoreo científico muestra un patrón similar de deshielo y pérdida de estabilidad del permafrost, acelerado por el calentamiento global. Así, el permafrost también se conecta con una realidad compartida a escala global, donde distintos sistemas montañosos enfrentan el mismo proceso.",Agua | Suelo | Crisis climática,"Servicio Evaluación Ambiental, IV Región de Coquimbo. (2024). Estudio de impacto ambiental: Proyecto Extensión de Vida Útil de Minera Los Pelambres, Capítulo 4, ppp. 479–490. (N° 202404001109).",,,
"Provincia de Choapa, Coquimbo, Chile",Yacimiento minero ,,Ríos y Derretimiento glaciar,,,Físico ,Río Los Pelambres,Afectación biótica,VARIACIÓN DEL CAUDAL SUPERFICIAL,"En Las Hualtatas, el río aparece como un hilo de agua que pierde fuerza: los botaderos en cabecera interceptan y retardan las escorrentías, y en los años 2036–2051 el modelo hidrológico estima hasta -9,5% de caudal medio anual en el Nodo 8. A escala territorial el efecto se atenúa río abajo, se considera  recurso hídrico escaso en la provincia de Choapa (Río Choapa y sus afluentes) (Decreto MOP N°94 de 26-07-2024)",Comunidades | Agua,"Servicio Evaluación Ambiental, IV Región de Coquimbo. (2024). Estudio de impacto ambiental: Proyecto Extensión de Vida Útil de Minera Los Pelambres, Capítulo 4, pp. 344–346. (N° 202404001109).",,,
"Provincia de Choapa, Coquimbo, Chile",Yacimiento minero ,,Ríos y Derretimiento glaciar,,,Físico ,Aguas Subterráneas del valle del río Pelambres ,Afectación física,ALTERACIONES QUÍMICAS Y SUBTERRÁNEAS DEL AGUA.,"Disminución del flujo pasante inmediatamente bajo la barrera (PEL-4); recuperación en PEL-5; rajo divide recargas. El subsuelo cercano a  Las Hualtatas funciona como un río oculto que será cortado por una barrera hidráulica (pozos de bombeo) levantada al pie del botadero: el flujo disminuye justo aguas abajo (PEL-4), aunque se normaliza más abajo (PEL-5). En paralelo, la química de ese flujo cambia: el modelo de transporte de sulfatos proyecta concentraciones más altas en las subcuencas Hualtatas–Pelambres, donde están los botaderos.",Agua | Contaminación | Comunidade,"Servicio Evaluación Ambiental, IV Región de Coquimbo. (2024). Estudio de impacto ambiental: Proyecto Extensión de Vida Útil de Minera Los Pelambres, Capítulo 4, p. 393 y p.464. (N° 202404001109).",,,
"Provincia de Choapa, Coquimbo, Chile",Yacimiento minero ,,Ríos y Derretimiento glaciar,,,Biótico ,Trucha arcoíris (Oncorhynchus mykiss),Afectación biótica,ALTERACIÓN DEL HÁBITAT ACUÁTICO,"La trucha arcoíris (Oncorhynchus mykiss), especie  que habita los cursos altos del río Cuncumén, se ve afectada por la reducción sostenida del caudal superficial debido a las operaciones mineras y del funcionamiento del Tranque Quillayes. Se reporta una disminución del flujo promedio anual de hasta 9 %, lo que altera los refugios ribereños y los espacios de reproducción de peces e invertebrados. Aunque la trucha tolera cierto rango de variaciones ambientales, su presencia depende de corrientes frías y oxigenadas, condiciones que se ven comprometidas por la pérdida de caudal y el aumento de la temperatura del agua. La alteración del hábitat también afecta a especies nativas como el bagrecito (Trichomycterus areolatus) y el pejerrey chileno (Basilichthys microlepidotus), reduciendo la diversidad del ecosistema acuático de la zona.",Peces | Agua | Hábitat | Contaminación,"Servicio Evaluación Ambiental, IV Región de Coquimbo. (2024). Estudio de impacto ambiental: Proyecto Extensión de Vida Útil de Minera Los Pelambres, Capítulo 4, pp. 839–843. (N° 202404001109).",,,
"Provincia de Choapa, Coquimbo, Chile",Yacimiento minero ,,Ríos y Derretimiento glaciar,,,Físico ,Río Cuncumén,Afectación física,CAMBIO EN LA CALIDAD QUÍMICA DE AGUAS SUBTERRÁNEAS,"Se identifica un cambio sostenido en la calidad química de las aguas subterráneas del acuífero del valle del río Cuncumén, asociado a la operación continua del Tranque Quillayes y a sus sistemas de drenaje y contención. Los monitoreos hidroquímicos detectan aumentos en sulfatos, cobre y molibdeno disueltos, lo que refleja la influencia indirecta del depósito de relaves sobre el equilibrio natural del acuífero. Aunque los valores registrados se mantienen bajo los límites normativos, el impacto es acumulativo, de largo plazo y de carácter persistente, afectando la composición de las aguas que alimentan el curso superficial del río Cuncumén.",Agua | Contaminación | Comunidades,"Servicio Evaluación Ambiental, IV Región de Coquimbo. (2024). Estudio de impacto ambiental: Proyecto Extensión de Vida Útil de Minera Los Pelambres, Capítulo 4, pp. 638–641. (N° 202404001109).",,,
"Provincia de Choapa, Coquimbo, Chile",Yacimiento minero ,,Crecimiento del botadero ,,,Biótico ,Guanaco (Lama guanicoe),Afectación biótica,PÉRDIDA DE HÁBITAT DE GUANACOS,"El guanaco (Lama guanicoe) es una especie clave de los ecosistemas altoandinos del Choapa, donde recorre praderas esteparias y vegas que le sirven de alimento y conexión entre quebradas. Monitoreos con collares GPS confirman su presencia constante en sectores como Las Hualtatas y Los Pelambres, áreas que hoy enfrentan una reducción estimada en más de 400 hectáreas de hábitat. La ocupación de estas zonas, sumada al polvo, ruido y caminos de faena, interrumpe sus trayectorias naturales y lo desplaza hacia ambientes más extremos. El Estudio de Impacto Ambiental califica esta pérdida de hábitat como un efecto significativo e irreversible, al comprometer espacios vitales para la especie en la cordillera del Choapa.",Terrestres | Hábitat | Desplazado | Vulnerable / en peligro,"Servicio Evaluación Ambiental, IV Región de Coquimbo. (2024). Estudio de impacto ambiental: Proyecto Extensión de Vida Útil de Minera Los Pelambres,  (Capítulo 4.4, pp. 688–699).(N° 202404001109).",,,
"Provincia de Choapa, Coquimbo, Chile",Yacimiento minero ,,Crecimiento del botadero ,,,Biótico ,Vega altoandina (Pradera azonal de Patosia clandestina y Deyeuxia velutina),Afectación biótica,DISMINUCIÓN DE VEGAS ALTOANDINAS,"Las vegas altoandinas del Choapa, principalmente Patosia clandestina y Deyeuxia velutina, conforman hábitats de altura que concentran humedad y productividad en medio de un paisaje árido. Son zonas donde los guanacos encuentran pasto fresco y agua, y por eso figuran como puntos clave en los registros de monitoreo. Se señala que estas vegas están directamente amenazadas por la expansión de botaderos en quebradas como Las Hualtatas, lo que significa la pérdida de áreas de forraje y la interrupción de corredores de tránsito. A esto se suma la vulnerabilidad frente al cambio climático, ya que la disminución de precipitaciones podría agravar la degradación de estas formaciones. En total, forman parte de las más de 406 hectáreas de hábitat que el proyecto reconoce como comprometidas en el área Mina.",Flora |  Suelo | Hábitat,"Servicio Evaluación Ambiental, IV Región de Coquimbo. (2024). Estudio de impacto ambiental: Proyecto Extensión de Vida Útil de Minera Los Pelambres,  (Capítulo 4.4, pp. 688–694).(N° 202404001109).",,,
"Provincia de Choapa, Coquimbo, Chile",Yacimiento minero ,,Crecimiento del botadero ,,,Biótico ,Pradera esteparia (Pappostipa frigida),Afectación biótica,DISMINUCIÓN DE PRADERAS,"Las praderas esteparias de Pappostipa frigida cubren grandes extensiones en la cordillera del Choapa y constituyen la base alimenticia del guanaco y de otras especies herbívoras. Su vegetación baja y resistente se adapta a las condiciones áridas de altura, pero no a la remoción masiva de suelo. En Las Hualtatas, la pérdida alcanza más de 38 ha, según la evaluación de impacto del guanaco (IFA-01), donde estas praderas constituyen su hábitat alimenticios obliga a la fauna a replegarse hacia áreas periféricas de menor calidad.",Flora | Suelo | Hábitat,"Servicio Evaluación Ambiental, IV Región de Coquimbo. (2024). Estudio de impacto ambiental: Proyecto Extensión de Vida Útil de Minera Los Pelambres, (Capítulo 4.4, pp. 688–694).(N° 202404001109).",,,
"Provincia de Choapa, Coquimbo, Chile",Yacimiento minero ,,Crecimiento del botadero ,,,Biótico , (Quisco) Echinopsis chiloensis ,Afectación biótica,ALTERACIÓN DE HÁBITAT ÁRIDO,El quisco (Echinopsis chiloensis) es el cactus columnar más representativo de la flora xerofítica del Choapa (se registraron 16 individuos en Las Hualtatas) en áreas impactadas por botaderos.. Estos conforman el hábitat árido que se ve directamente afectado por la ampliación de botaderos. Su pérdida implica la reducción de un elemento estructural del paisaje árido y de bajo reemplazo natural debido a su lento crecimiento.,Flora | Suelo | Hábitat,"Servicio Evaluación Ambiental, IV Región de Coquimbo. (2024). Estudio de impacto ambiental: Proyecto Extensión de Vida Útil de Minera Los Pelambres, Capítulo 4, p. 632. (N° 202404001109).",,,
"Provincia de Choapa, Coquimbo, Chile",Yacimiento minero ,,Crecimiento del botadero ,,,Biótico ,Acarospora rhabarbarina,Afectación biótica,ALTERACIÓN DE HÁBITAT ÁRIDO,"Acarospora rhabarbarina es un líquen en categoría de conservación presente en ambientes altoandinos áridos. En Las Hualtatas, el Estudio de Impacto Ambiental registra la pérdida de 110,52 ha de esta especie debido a la ampliación de botaderos. Esta afectación implica una reducción de la cobertura de líquenes en la zona.",Flora | Suelo | Hábitat,"Servicio Evaluación Ambiental, IV Región de Coquimbo. (2024). Estudio de impacto ambiental: Proyecto Extensión de Vida Útil de Minera Los Pelambres, Capítulo 4, p. 669. (N° 202404001109).",,,
,,,,,,,,,,,Flora,,,,
"Provincia de Choapa, Coquimbo, Chile",Yacimiento minero ,,Crecimiento del botadero ,,,Biótico ,Matuasto de Alicahue ,Afectación biótica,PÉRDIDA DE HÁBITAT DE FAUNA DE BAJA MOVILIDAD,"El matuasto de Alicahue es una de las especies más amenazadas de reptiles en la zona de Las Hualtatas, se encuentra clasificado en peligro crítico. Se trata de un reptil endémico con distribución restringida y poblaciones reducidas. Su presencia se limita a hábitats rocosos puntuales que se verán directamente intervenidos por la instalación y operación de botaderos, lo que ocasionará la pérdida de más de 150 ejemplares. El número estimado corresponde a un porcentaje importante de la población local de la especie.",Terrestres | Hábitat,"Servicio Evaluación Ambiental, IV Región de Coquimbo. (2024). Estudio de impacto ambiental: Proyecto Extensión de Vida Útil de Minera Los Pelambres, Capítulo 4, pp. 725–731. (N° 202404001109).",,,
"Provincia de Choapa, Coquimbo, Chile",Yacimiento minero ,,Crecimiento del botadero ,,,Biótico ,Lagartija de Fitzgerald (Liolaemus fitzgeraldi),Afectación biótica,PÉRDIDA DE HÁBITAT DE FAUNA DE BAJA MOVILIDAD,"La lagartija de Fitzgerald es la especie de reptil con mayor número de individuos afectados en el sector . El Estudio de Impacto Ambiental documenta quer se registran las densidades promedio más altas de la especie (2,25 ind/ha en matorral andino y 1,19 ind/ha en ZVE). Estas cifras, aplicadas a las superficies intervenidas por los botaderos, proyectan la pérdida de casi 500 ejemplares. Se enfatiza que su condición de especie en categoría de conservación aumenta la relevancia del impacto, ya que la reducción poblacional local afecta la viabilidad de la especie en un ecosistema",Terrestres | Hábitat | Vulnerable / en peligro,"Servicio Evaluación Ambiental, IV Región de Coquimbo. (2024). Estudio de impacto ambiental: Proyecto Extensión de Vida Útil de Minera Los Pelambres, Capítulo 4, pp. 725–731. (N° 202404001109).",,,
"Provincia de Choapa, Coquimbo, Chile",Yacimiento minero ,,Crecimiento del botadero ,,,Biótico ,Ratón orejudo amarillento (Phyllotis xanthopygus),Afectación biótica,PÉRDIDA DE FAUNA NATIVA DE BAJA MOVILIDAD,"El ratón orejudo amarillento es identificado como la especie más afectada en términos absolutos dentro de los micromamíferos de Las Hualtatas: ≈1.493 ejemplares, con 697 en matorral andino y 800 en ZVE (zonas de vegetación escasa), de acuerdo con las densidades calculadas, se indica que sus densidades alcanzan 5,66 ind/ha en matorral andino y 4,44 ind/ha en ZVE. Aplicado a las superficies que serán intervenidas, esto se traduce entonces en la pérdida de cerca de 1.500 ejemplares.",Terrestres | Suelo | Hábitat,"Servicio Evaluación Ambiental, IV Región de Coquimbo. (2024). Estudio de impacto ambiental: Proyecto Extensión de Vida Útil de Minera Los Pelambres, Capítulo 4, pp. 725–731. (N° 202404001109).",,,
"Provincia de Choapa, Coquimbo, Chile",Yacimiento minero ,,Crecimiento del botadero ,,,Biótico ,Vizcacha (Lagidium viscacia),Afectación biótica,ESPECIE PRESENTE EN HÁBITAT,"La vizcacha es una especie que utiliza ambientes rocosos como madrigueras y se alimenta de gramíneas y herbáceas cercanas a su refugio. Se documenta que en la expansión de los botaderos no afecta directamente rocas expuestas, que es donde se refugias, pero sí áreas cercanas que representan parte de su hábitat potencial. Se proyecta la pérdida de más de 160 ha (150,36 ha en áreas sin vegetación y 9,87 ha en matorral andino)., lo que restringe la conectividad espacial de la especie. Además, el monitoreo de fauna realizado en el área muestra que la vizcacha está presente en un 54,5% de las estaciones de muestreo y que comparte hábitat con depredadores como el gato andino (Leopardus jacobita). Se proyectan sinergias negativas con el cambio climático, que podrían reducir entre un 10 y un 30% sus áreas aptas hacia 2080, incrementando la vulnerabilidad de las poblaciones locales",: Terrestres | Hábitat | Desplazado | Vulnerable / en peligro,"Servicio Evaluación Ambiental, IV Región de Coquimbo. (2024). Estudio de impacto ambiental: Proyecto Extensión de Vida Útil de Minera Los Pelambres, Capítulo 4, pp. 725–731. (N° 202404001109).",,,
"Provincia de Choapa, Coquimbo, Chile",Yacimiento minero ,,Crecimiento del botadero ,,,Biótico ,Cóndor (Vultur gryphus),Afectación biótica,COLISIÓN Y ELECTROCUCIÓN  CON LÍNEAS DE TRANSMISIÓN,"El cóndor fue la especie más abundante de las aves de gran envergadura registradas en el conjunto evaluado (67,44% de los avistamientos), seguido por el águila (16,28%). En Hualtatas los vuelos se observaron en el rango 20–50 m de altura. En Hualtatas operará un cable minero de 4,25 km; en Planta DAR, una línea 23 kV de 855 m (referencia de infraestructura del mismo frente de evaluación).  Lo que incrementa la probabilidad de interacción con el cableado eléctrico y  la necesidad de marcación anticolisión (dispositivos cada 20 m) configuran el frente de riesgo y la medida de control prevista por el titular.",Aves | Hábitat  | Vulnerable / en peligro,"Servicio Evaluación Ambiental, IV Región de Coquimbo. (2024). Estudio de impacto ambiental: Proyecto Extensión de Vida Útil de Minera Los Pelambres, Capítulo 4, pp. 808–813. (N° 202404001109).",,,
"Provincia de Choapa, Coquimbo, Chile",Yacimiento minero ,,Aumento de la actividad ,,,Antrópico,Empleado? Trabajador,Afectación antrópica,AUMENTO DE LA EMPLEABILIDAD,,Comunidades | Infraestructura,,,,
"Provincia de Choapa, Coquimbo, Chile",Yacimiento minero ,,Aumento de la actividad ,,,Antrópico,Campamento minero,Afectación antrópica,AUMENTO DE LA EMPLEABILIDAD,,Infraestructura | Comunidades,,,,
"Provincia de Choapa, Coquimbo, Chile",Yacimiento minero ,,Aumento de la actividad ,,,Antrópico,"MPS, SO2",Afectación física,ALTERACIÓN CALIDAD DEL AIRE,,Contaminación | Suelo | Crisis climática,,,,
"Provincia de Choapa, Coquimbo, Chile",Yacimiento minero ,,Aumento de la actividad ,,,Antrópico,Tranque Quillayes,Afectación antrópica,VARIACIÓN DE LAS AGUAS SUBTERRÁNEAS,,Agua | Infraestructura | Contaminación | Comunidades,,,,
